"HMDB_ID","Name.x","Charge","MF","Exact_Mass","ALOGPS_LOGP","JCHEM_LOGP","JCHEM_NUMBER_OF_RINGS","SMILES","JCHEM_PHYSIOLOGICAL_CHARGE","JCHEM_PKA","JCHEM_PKA_STRONGEST_ACIDIC","JCHEM_PKA_STRONGEST_BASIC","JCHEM_POLAR_SURFACE_AREA","JCHEM_ROTATABLE_BOND_COUNT","JCHEM_RULE_OF_FIVE","JCHEM_GHOSE_FILTER","JCHEM_MDDR_LIKE_RULE","JCHEM_VEBER_RULE","JCHEM_REFRACTIVITY","No.","Name.y","Formula","Monoisotopic mass","Source","Super-Class","Class","Status","InChI"
"HMDB0000054","Bilirubin",0,"C33H36N4O6",584.2634849,3.22,3.119106453,4,"CC1=C(C=C)\C(NC1=O)=C\C1=C(C)C(CCC(O)=O)=C(CC2=C(CCC(O)=O)C(C)=C(N2)\C=C2/NC(=O)C(C=C)=C2C)N1",-2,4.630728871,4.027490824,-2.754561928,164.38,12,0,0,1,0,168.896,38,"Bilirubin","C33H36N4O6",584.2634849,"Endogenous","Organic compounds","Organoheterocyclic compounds","quantified","InChI=1S/C33H36N4O6/c1-7-20-19(6)32(42)37-27(20)14-25-18(5)23(10-12-31(40)41)29(35-25)15-28-22(9-11-30(38)39)17(4)24(34-28)13-26-16(3)21(8-2)33(43)36-26/h7-8,13-14,34-35H,1-2,9-12,15H2,3-6H3,(H,36,43)(H,37,42)(H,38,39)(H,40,41)/b26-13-,27-14-"
"HMDB0000121","Folic acid",0,"C19H19N7O6",441.1396814,-0.04,-0.682249252,3,"NC1=NC(=O)C2=NC(CNC3=CC=C(C=C3)C(=O)N[C@@H](CCC(O)=O)C(O)=O)=CN=C2N1",-2,4.173203635,3.373873353,2.08686516,208.99,9,0,0,1,0,111.0112,76,"Folic acid","C19H19N7O6",441.1396814,NA,"Organic acids and derivatives","Carboxylic acids and derivatives","quantified","InChI=1S/C19H19N7O6/c20-19-25-15-14(17(30)26-19)23-11(8-22-15)7-21-10-3-1-9(2-4-10)16(29)24-12(18(31)32)5-6-13(27)28/h1-4,8,12,21H,5-7H2,(H,24,29)(H,27,28)(H,31,32)(H3,20,22,25,26,30)/t12-/m0/s1"
"HMDB0000241","Protoporphyrin IX",0,"C34H34N4O4",562.2580056,4.4,6.778796968,5,"CC1=C(CCC(O)=O)/C2=C/C3=N/C(=C\C4=C(C)C(C=C)=C(N4)/C=C4\N=C(\C=C\1/N\2)C(C=C)=C4C)/C(C)=C3CCC(O)=O",-2,4.128117408,3.684359896,4.958835229,131.96,8,0,0,1,0,163.8112,163,"Protoporphyrin IX","C34H34N4O4",562.2580056,"Endogenous","Organoheterocyclic compounds","Tetrapyrroles and derivatives","quantified","InChI=1S/C34H34N4O4/c1-7-21-17(3)25-13-26-19(5)23(9-11-33(39)40)31(37-26)16-32-24(10-12-34(41)42)20(6)28(38-32)15-30-22(8-2)18(4)27(36-30)14-29(21)35-25/h7-8,13-16,35,38H,1-2,9-12H2,3-6H3,(H,39,40)(H,41,42)/b25-13-,26-13-,27-14-,28-15-,29-14-,30-15-,31-16-,32-16-"
"HMDB0000569","Deoxypyridinoline",0,"C18H28N4O7",412.1957993,-4.14,-11.71440018,1,"N[C@@H](CCCC[N+]1=CC(CC[C@H](N)C([O-])=O)=C(C[C@H](N)C(O)=O)C(O)=C1)C(O)=O",0,1.345892127,0.833179754,9.905277346,216.9,13,0,0,0,0,113.4828,443,"Deoxypyridinoline","C18H28N4O7",412.1957993,"Endogenous","Organic acids and derivatives","Carboxylic acids and derivatives","quantified","InChI=1S/C18H28N4O7/c19-12(16(24)25)3-1-2-6-22-8-10(4-5-13(20)17(26)27)11(15(23)9-22)7-14(21)18(28)29/h8-9,12-14H,1-7,19-21H2,(H3-,23,24,25,26,27,28,29)/t12-,13-,14-/m0/s1"
"HMDB0000570","Coproporphyrin III",0,"C36H38N4O8",654.2689642,2.53,4.953741099,5,"CC1=C(CCC(O)=O)/C2=C/C3=N/C(=C\C4=C(C)C(CCC(O)=O)=C(N4)/C=C4\N=C(\C=C\1/N\2)C(C)=C4CCC(O)=O)/C(CCC(O)=O)=C3C",-4,3.916863028,3.524150974,5.161577839,206.56,12,0,0,1,0,176.2558,444,"Coproporphyrin III","C36H38N4O8",654.2689642,"Endogenous","Organoheterocyclic compounds","Tetrapyrroles and derivatives","quantified","InChI=1S/C36H38N4O8/c1-17-21(5-9-33(41)42)29-14-27-19(3)22(6-10-34(43)44)30(39-27)15-28-20(4)24(8-12-36(47)48)32(40-28)16-31-23(7-11-35(45)46)18(2)26(38-31)13-25(17)37-29/h13-16,37,40H,5-12H2,1-4H3,(H,41,42)(H,43,44)(H,45,46)(H,47,48)/b25-13-,26-13-,27-14-,28-15-,29-14-,30-15-,31-16-,32-16-"
"HMDB0000656","Cysteineglutathione disulfide",0,"C13H22N4O8S2",426.0879051,-3.86,-8.019926625,0,"N[C@@H](CCC(=O)N[C@@H](CSSCC(N)C(O)=O)C(=O)NCC(O)=O)C(O)=O",-1,1.990071811,1.387459155,9.49747008,222.14,14,0,0,0,0,95.7631,512,"Cysteineglutathione disulfide","C13H22N4O8S2",426.0879051,"Endogenous","Organic acids and derivatives","Carboxylic acids and derivatives","quantified","InChI=1S/C13H22N4O8S2/c14-6(12(22)23)1-2-9(18)17-8(11(21)16-3-10(19)20)5-27-26-4-7(15)13(24)25/h6-8H,1-5,14-15H2,(H,16,21)(H,17,18)(H,19,20)(H,22,23)(H,24,25)/t6-,7?,8-/m0/s1"
"HMDB0000693","Heparan sulfate",-2,"C14H25NO21S3",639.0081198,-1.87,-8.122907779,2,"CO[C@@H]1O[C@@H](COS(O)(=O)=O)[C@H](O[C@@H]2O[C@@H]([C@H](OC)[C@@H](O)[C@@H]2OS(O)(=O)=O)C([O-])=O)[C@@H]([O-])[C@@H]1NOS(O)(=O)=O",-4,-2.33274859,-3.270986019,1.99071,332.4,13,0,0,0,0,142.9842,544,"Heparan sulfate","C14H25NO21S3",639.0081204,"Endogenous","Organic oxygen compounds","Organooxygen compounds","quantified","InChI=1S/C14H25NO21S3/c1-29-9-7(17)10(35-38(23,24)25)14(34-11(9)12(18)19)33-8-4(3-31-37(20,21)22)32-13(30-2)5(6(8)16)15-36-39(26,27)28/h4-11,13-17H,3H2,1-2H3,(H,18,19)(H,20,21,22)(H,23,24,25)(H,26,27,28)/t4-,5-,6-,7+,8-,9+,10-,11-,13+,14+/m0/s1"
"HMDB0000709","L-Cysteinylglycine disulfide",0,"C8H15N3O5S2",297.045312,-3.97,-7.006379192,0,"N[C@@H](CSSCC(N)C(=O)NCC(O)=O)C(O)=O",0,3.360385605,1.869778998,9.075518898,155.74,9,1,0,0,0,67.6753,559,"L-Cysteinylglycine disulfide","C8H15N3O5S2",297.045312,"Endogenous","Organic acids and derivatives","Carboxylic acids and derivatives","quantified","InChI=1S/C8H15N3O5S2/c9-4(7(14)11-1-6(12)13)2-17-18-3-5(10)8(15)16/h4-5H,1-3,9-10H2,(H,11,14)(H,12,13)(H,15,16)/t4?,5-/m0/s1"
"HMDB0000737","Heptacarboxylporphyrin I",0,"C39H38N4O14",786.2384519,1.17,2.868026085,5,"CC1=C(CCC(O)=O)\C2=C\C3=C(CC(O)=O)C(CCC(O)=O)=C(N3)\C=C3/N=C(/C=C4\N\C(=C/C1=N2)C(CCC(O)=O)=C4CC(O)=O)C(CCC(O)=O)=C3CC(O)=O",-7,3.60264985,3.22992131,5.147933943,318.46,18,0,0,1,0,195.055,585,"Heptacarboxylporphyrin I","C39H38N4O14",786.2384519,"Endogenous","Organoheterocyclic compounds","Tetrapyrroles and derivatives","quantified","InChI=1S/C39H38N4O14/c1-17-18(2-6-33(44)45)26-14-30-23(11-38(54)55)20(4-8-35(48)49)28(42-30)16-32-24(12-39(56)57)21(5-9-36(50)51)29(43-32)15-31-22(10-37(52)53)19(3-7-34(46)47)27(41-31)13-25(17)40-26/h13-16,41-42H,2-12H2,1H3,(H,44,45)(H,46,47)(H,48,49)(H,50,51)(H,52,53)(H,54,55)(H,56,57)/b25-13-,26-14-,27-13-,28-16-,29-15-,30-14-,31-15-,32-16-"
"HMDB0000851","Pyridinoline",0,"C18H28N4O8",428.1907139,-3.94,-12.78884664,1,"N[C@@H](CCC1=C[N+](C[C@H](O)CC[C@H](N)C([O-])=O)=CC(O)=C1C[C@H](N)C(O)=O)C(O)=O",0,1.243067291,0.733518092,9.801660196,237.13,13,0,0,0,0,114.8443,676,"Pyridinoline","C18H28N4O8",428.1907139,"Endogenous","Organic acids and derivatives","Carboxylic acids and derivatives","quantified","InChI=1S/C18H28N4O8/c19-12(16(25)26)3-1-9-6-22(7-10(23)2-4-13(20)17(27)28)8-15(24)11(9)5-14(21)18(29)30/h6,8,10,12-14,23H,1-5,7,19-21H2,(H3-,24,25,26,27,28,29,30)/t10-,12+,13+,14+/m1/s1"
"HMDB0000916","Uroporphyrin III",0,"C40H38N4O16",830.2282812,0.79,3.512340197,5,"OC(=O)CCC1=C(CC(O)=O)/C2=C/C3=N/C(=C\C4=C(CCC(O)=O)C(CC(O)=O)=C(N4)/C=C4\N=C(\C=C\1/N\2)C(CCC(O)=O)=C4CC(O)=O)/C(CC(O)=O)=C3CCC(O)=O",-8,3.481611044,3.108325482,NA,355.76,20,0,0,1,0,201.3214,731,"Uroporphyrin III","C40H38N4O16",830.2282812,"Endogenous","Organoheterocyclic compounds","Tetrapyrroles and derivatives","quantified","InChI=1S/C40H38N4O16/c45-33(46)5-1-17-21(9-37(53)54)29-14-27-19(3-7-35(49)50)22(10-38(55)56)30(43-27)15-28-20(4-8-36(51)52)24(12-40(59)60)32(44-28)16-31-23(11-39(57)58)18(2-6-34(47)48)26(42-31)13-25(17)41-29/h13-16,41,44H,1-12H2,(H,45,46)(H,47,48)(H,49,50)(H,51,52)(H,53,54)(H,55,56)(H,57,58)(H,59,60)/b25-13-,26-13-,27-14-,28-15-,29-14-,30-15-,31-16-,32-16-"
"HMDB0000961","Farnesyl pyrophosphate",0,"C15H28O7P2",382.1310272,2.4,3.616733061,0,"[H]OP(=O)(O[H])OP(=O)(O[H])OC\C=C(/C)CC\C=C(/C)CCC=C(C)C",-2,3.204340609,1.767218689,NA,113.29,11,1,1,0,0,96.7305,766,"Farnesyl pyrophosphate","C15H28O7P2",382.1310272,"Endogenous","Lipids and lipid-like molecules","Prenol lipids","quantified","InChI=1S/C15H28O7P2/c1-13(2)7-5-8-14(3)9-6-10-15(4)11-12-21-24(19,20)22-23(16,17)18/h7,9,11H,5-6,8,10,12H2,1-4H3,(H,19,20)(H2,16,17,18)/b14-9+,15-11+"
"HMDB0001035","Angiotensin II",0,"C50H71N13O12",1045.534515,-0.87,-5.273500998,4,"CC[C@H](C)[C@H](NC(=O)[C@H](CC1=CC=C(O)C=C1)NC(=O)[C@@H](NC(=O)[C@H](CCCN=C(N)N)NC(=O)[C@@H](N)CC(O)=O)C(C)C)C(=O)N[C@@H](CC1=CN=CN1)C(=O)N1CCC[C@H]1C(=O)N[C@@H](CC1=CC=CC=C1)C(O)=O",1,3.758215893,3.150106418,10.83363767,408.84,29,0,0,1,0,269.8094,814,"Angiotensin II","C50H71N13O12",1045.534515,"Endogenous","Organic acids and derivatives","Carboxylic acids and derivatives","quantified","InChI=1S/C50H71N13O12/c1-5-28(4)41(47(72)59-36(23-31-25-54-26-56-31)48(73)63-20-10-14-38(63)45(70)60-37(49(74)75)22-29-11-7-6-8-12-29)62-44(69)35(21-30-15-17-32(64)18-16-30)58-46(71)40(27(2)3)61-43(68)34(13-9-19-55-50(52)53)57-42(67)33(51)24-39(65)66/h6-8,11-12,15-18,25-28,33-38,40-41,64H,5,9-10,13-14,19-24,51H2,1-4H3,(H,54,56)(H,57,67)(H,58,71)(H,59,72)(H,60,70)(H,61,68)(H,62,69)(H,65,66)(H,74,75)(H4,52,53,55)/t28-,33-,34-,35-,36-,37-,38-,40-,41-/m0/s1"
"HMDB0001036","Angiotensin III",0,"C46H66N12O9",930.5075718,-0.79,-1.82341198,4,"CC[C@H](C)[C@H](NC(=O)[C@H](CC1=CC=C(O)C=C1)NC(=O)[C@@H](NC(=O)[C@@H](N)CCCN=C(N)N)C(C)C)C(=O)N[C@@H](CC1=CN=CN1)C(=O)N1CCC[C@H]1C(=O)N[C@@H](CC1=CC=CC=C1)C(O)=O",2,9.503021713,3.506430313,11.18132143,342.44,25,0,0,1,0,246.4766,815,"Angiotensin III","C46H66N12O9",930.5075718,"Endogenous","Organic acids and derivatives","Carboxylic acids and derivatives","quantified","InChI=1S/C46H66N12O9/c1-5-27(4)38(57-40(61)33(21-29-15-17-31(59)18-16-29)53-42(63)37(26(2)3)56-39(60)32(47)13-9-19-51-46(48)49)43(64)54-34(23-30-24-50-25-52-30)44(65)58-20-10-14-36(58)41(62)55-35(45(66)67)22-28-11-7-6-8-12-28/h6-8,11-12,15-18,24-27,32-38,59H,5,9-10,13-14,19-23,47H2,1-4H3,(H,50,52)(H,53,63)(H,54,64)(H,55,62)(H,56,60)(H,57,61)(H,66,67)(H4,48,49,51)/t27-,32-,33-,34-,35-,36-,37-,38-/m0/s1"
"HMDB0001045","Enkephalin L",0,"C28H37N5O7",555.2692986,-1.05,-1.863832713,2,"CC(C)C[C@H](NC(=O)[C@H](CC1=CC=CC=C1)NC(=O)CNC(=O)CNC(=O)[C@@H](N)CC1=CC=C(O)C=C1)C(O)=O",0,9.509926615,3.70210724,7.727305935,199.95,15,0,0,0,0,145.5916,821,"Enkephalin L","C28H37N5O7",555.2692986,"Endogenous","Organic acids and derivatives","Carboxylic acids and derivatives","quantified","InChI=1S/C28H37N5O7/c1-17(2)12-23(28(39)40)33-27(38)22(14-18-6-4-3-5-7-18)32-25(36)16-30-24(35)15-31-26(37)21(29)13-19-8-10-20(34)11-9-19/h3-11,17,21-23,34H,12-16,29H2,1-2H3,(H,30,35)(H,31,37)(H,32,36)(H,33,38)(H,39,40)/t21-,22-,23-/m0/s1"
"HMDB0001056","Dihydrofolic acid",0,"C19H21N7O6",443.1553314,-1.61,-2.073829622,3,"NC1=NC2=C(N=C(CNC3=CC=C(C=C3)C(=O)N[C@@H](CCC(O)=O)C(O)=O)CN2)C(=O)N1",-2,4.269307515,3.160387897,3.682468888,207.6,9,0,0,1,0,121.1914,829,"Dihydrofolic acid","C19H21N7O6",443.1553314,"Endogenous","Organic acids and derivatives","Carboxylic acids and derivatives","quantified","InChI=1S/C19H21N7O6/c20-19-25-15-14(17(30)26-19)23-11(8-22-15)7-21-10-3-1-9(2-4-10)16(29)24-12(18(31)32)5-6-13(27)28/h1-4,12,21H,5-8H2,(H,24,29)(H,27,28)(H,31,32)(H4,20,22,25,26,30)/t12-/m0/s1"
"HMDB0001165","Keratan",0,"C28H48N2O32S4",1052.1073,-2.46,-15.29426147,4,"CC(=O)N[C@@H]1[C@@H](O)C[C@@H](COS(O)(=O)=O)O[C@H]1O[C@H]1[C@@H](O)[C@@H](COS(O)(=O)=O)O[C@@H](O[C@H]2[C@H](O)[C@@H](NC(C)=O)[C@H](O[C@@H]3[C@@H](O)[C@H](O)O[C@H](COS(O)(=O)=O)[C@@H]3O)O[C@@H]2COS(O)(=O)=O)[C@@H]1O",-4,-2.167581707,-2.593795217,-3.954530641,518.82,20,0,0,1,0,194.236,901,"Keratan","C28H48N2O32S4",1052.1073,"Endogenous","Organic oxygen compounds","Organooxygen compounds","quantified","InChI=1S/C28H48N2O32S4/c1-8(31)29-15-11(33)3-10(4-52-63(40,41)42)56-26(15)62-24-18(35)13(6-54-65(46,47)48)58-28(21(24)38)60-22-14(7-55-66(49,50)51)59-27(16(19(22)36)30-9(2)32)61-23-17(34)12(5-53-64(43,44)45)57-25(39)20(23)37/h10-28,33-39H,3-7H2,1-2H3,(H,29,31)(H,30,32)(H,40,41,42)(H,43,44,45)(H,46,47,48)(H,49,50,51)/t10-,11-,12+,13+,14+,15+,16+,17-,18-,19+,20+,21+,22+,23-,24-,25+,26-,27-,28-/m0/s1"
"HMDB0001186","N1-Acetylspermine",0,"C12H28N4O",244.2263115,-0.42,-1.635161013,0,"CC(=O)NCCCNCCCCNCCCN",3,NA,16.29517414,10.96908625,79.18,12,1,0,0,0,72.002,920,"N1-Acetylspermine","C12H28N4O",244.2263115,"Endogenous","Organic acids and derivatives","Carboxylic acids and derivatives","quantified","InChI=1S/C12H28N4O/c1-12(17)16-11-5-10-15-8-3-2-7-14-9-4-6-13/h14-15H,2-11,13H2,1H3,(H,16,17)"
"HMDB0001198","Leukotriene C4",0,"C30H47N3O9S",625.3033008,0.04,-0.01467117,0,"CCCCC\C=C/C\C=C/C=C/C=C/[C@@H](SC[C@H](NC(=O)CC[C@H](N)C(O)=O)C(=O)NCC(O)=O)[C@@H](O)CCCC(O)=O",-2,3.541607176,1.801447304,9.311641344,216.35,25,0,0,0,0,168.511,931,"Leukotriene C4","C30H47N3O9S",625.3033008,"Endogenous","Organic acids and derivatives","Carboxylic acids and derivatives","quantified","InChI=1S/C30H47N3O9S/c1-2-3-4-5-6-7-8-9-10-11-12-13-16-25(24(34)15-14-17-27(36)37)43-21-23(29(40)32-20-28(38)39)33-26(35)19-18-22(31)30(41)42/h6-7,9-13,16,22-25,34H,2-5,8,14-15,17-21,31H2,1H3,(H,32,40)(H,33,35)(H,36,37)(H,38,39)(H,41,42)/b7-6-,10-9-,12-11+,16-13+/t22-,23-,24-,25+/m0/s1"
"HMDB0001256","Spermine",0,"C10H26N4",202.2157469,-0.66,-1.454007616,0,"NCCCNCCCCNCCCN",4,NA,NA,11.0992518,76.1,11,1,0,0,0,62.5582,968,"Spermine","C10H26N4",202.2157469,"Endogenous","Organic nitrogen compounds","Organonitrogen compounds","quantified","InChI=1S/C10H26N4/c11-5-3-9-13-7-1-2-8-14-10-4-6-12/h13-14H,1-12H2"
"HMDB0001396","5-Methyltetrahydrofolic acid",0,"C20H25N7O6",459.1866316,-1.26,-2.843842353,3,"CN1C(CNC2=CC=C(C=C2)C(=O)N[C@H](CCC(O)=O)C(O)=O)CNC2=C1C(=O)NC(N)=N2",-2,3.868458258,3.218975258,4.637989856,198.48,9,0,0,1,0,126.8813,1076,"5-Methyltetrahydrofolic acid","C20H25N7O6",459.1866316,"Endogenous","Organoheterocyclic compounds","Pteridines and derivatives","quantified","InChI=1S/C20H25N7O6/c1-27-12(9-23-16-15(27)18(31)26-20(21)25-16)8-22-11-4-2-10(3-5-11)17(30)24-13(19(32)33)6-7-14(28)29/h2-5,12-13,22H,6-9H2,1H3,(H,24,30)(H,28,29)(H,32,33)(H4,21,23,25,26,31)/t12?,13-/m1/s1"
"HMDB0001533","5,10-Methylene-THF",0,"C20H23N7O6",457.1709815,-0.94,-2.019855468,4,"[H][C@@]12CN(CN1C1=C(NC2)N=C(N)NC1=O)C1=CC=C(C=C1)C(=O)NC(CCC(O)=O)C(O)=O",-2,3.738299677,2.930306593,4.596941286,189.69,7,0,0,1,0,123.9566,1175,"5,10-Methylene-THF","C20H23N7O6",457.1709815,"Endogenous","Organoheterocyclic compounds","Pteridines and derivatives","quantified","InChI=1S/C20H23N7O6/c21-20-24-16-15(18(31)25-20)27-9-26(8-12(27)7-22-16)11-3-1-10(2-4-11)17(30)23-13(19(32)33)5-6-14(28)29/h1-4,12-13H,5-9H2,(H,23,30)(H,28,29)(H,32,33)(H4,21,22,24,25,31)/t12-,13?/m1/s1"
"HMDB0001562","Folinic acid",0,"C20H23N7O7",473.1658961,-0.46,-3.444356239,3,"NC1=NC2=C(N(C=O)C(CNC3=CC=C(C=C3)C(=O)NC(CCC(O)=O)C(O)=O)CN2)C(=O)N1",-2,3.762564074,3.184251484,4.331667321,215.55,9,0,0,1,0,126.662,1196,"Folinic acid","C20H23N7O7",473.1658961,"Endogenous","Organoheterocyclic compounds","Pteridines and derivatives","quantified","InChI=1S/C20H23N7O7/c21-20-25-16-15(18(32)26-20)27(9-28)12(8-23-16)7-22-11-3-1-10(2-4-11)17(31)24-13(19(33)34)5-6-14(29)30/h1-4,9,12-13,22H,5-8H2,(H,24,31)(H,29,30)(H,33,34)(H4,21,23,25,26,32)"
"HMDB0001846","Tetrahydrofolic acid",0,"C19H23N7O6",445.1709815,-0.96,-2.821915677,3,"NC1=NC(=O)C2=C(NC[C@H](CNC3=CC=C(C=C3)C(=O)NC(CCC(O)=O)C(O)=O)N2)N1",-2,4.088320909,3.509569388,3.584682631,207.27,9,0,0,1,0,121.3866,1218,"Tetrahydrofolic acid","C19H23N7O6",445.1709815,"Endogenous","Organoheterocyclic compounds","Pteridines and derivatives","quantified","InChI=1S/C19H23N7O6/c20-19-25-15-14(17(30)26-19)23-11(8-22-15)7-21-10-3-1-9(2-4-10)16(29)24-12(18(31)32)5-6-13(27)28/h1-4,11-12,21,23H,5-8H2,(H,24,29)(H,27,28)(H,31,32)(H4,20,22,25,26,30)/t11-,12?/m0/s1"
"HMDB0001897","Substance P",0,"C63H98N18O13S",1346.728146,-0.15,-5.752585488,4,"CSCC[C@H](NC(=O)[C@@H](CC(C)C)NC(=O)CNC(=O)[C@@H](CC1=CC=CC=C1)NC(=O)[C@@H](CC1=CC=CC=C1)NC(=O)[C@H](CCC(N)=O)NC(=O)[C@@H](CCC(N)=O)NC(=O)[C@@H]1CCCN1C(=O)[C@H](CCCCN)NC(=O)[C@H]1CCCN1C(=O)[C@@H](N)CCCNC(N)=N)C(N)=O",3,12.22348298,11.48900883,11.89607585,516.63,42,0,0,1,0,362.1413,1262,"Substance P","C63H98N18O13S",1346.728146,"Endogenous","Organic Polymers","Polypeptides","quantified","InChI=1S/C63H98N18O13S/c1-37(2)33-45(57(89)74-41(53(68)85)27-32-95-3)73-52(84)36-72-54(86)46(34-38-15-6-4-7-16-38)78-58(90)47(35-39-17-8-5-9-18-39)79-56(88)42(23-25-50(66)82)75-55(87)43(24-26-51(67)83)76-59(91)49-22-14-31-81(49)62(94)44(20-10-11-28-64)77-60(92)48-21-13-30-80(48)61(93)40(65)19-12-29-71-63(69)70/h4-9,15-18,37,40-49H,10-14,19-36,64-65H2,1-3H3,(H2,66,82)(H2,67,83)(H2,68,85)(H,72,86)(H,73,84)(H,74,89)(H,75,87)(H,76,91)(H,77,92)(H,78,90)(H,79,88)(H4,69,70,71)/t40-,41-,42-,43+,44-,45+,46+,47+,48+,49-/m0/s1"
"HMDB0001919","Famotidine",0,"C8H15N7O2S3",337.0449348,-0.2,-1.950133538,1,"NC(N)=NC1=NC(CSCCC(N)=NS(N)(=O)=O)=CS1",1,NA,9.287258902,8.378934872,175.83,6,1,0,0,0,80.462,1274,"Famotidine","C8H15N7O2S3",337.0449348,NA,"Organoheterocyclic compounds","Azoles","quantified","InChI=1S/C8H15N7O2S3/c9-6(15-20(12,16)17)1-2-18-3-5-4-19-8(13-5)14-7(10)11/h4H,1-3H2,(H2,9,15)(H2,12,16,17)(H4,10,11,13,14)"
"HMDB0001921","1,1-Dimethylbiguanide",0,"C4H11N5",129.1014454,-1.83,-0.918429265,0,"CN(C)C(=N)NC(N)=N",2,NA,NA,12.3251506,88.99,0,1,0,0,0,56.6427,1276,"1,1-Dimethylbiguanide","C4H11N5",129.1014454,NA,"Organic nitrogen compounds","Organonitrogen compounds","quantified","InChI=1S/C4H11N5/c1-9(2)4(7)8-3(5)6/h1-2H3,(H5,5,6,7,8)"
"HMDB0001980","Vasopressin",0,"C46H65N13O12S2",1055.431706,-1.14,-6.77384258,4,"NCCCCC(NC(=O)[C@@H]1CCCN1C(=O)[C@@H]1CSSC[C@H](N)C(=O)N[C@@H](CC2=CC=C(O)C=C2)C(=O)N[C@@H](CC2=CC=CC=C2)C(=O)N[C@@H](CCC(N)=O)C(=O)N[C@@H](CC(N)=O)C(=O)N1)C(=O)NCC(N)=O",2,11.45796384,9.426739674,10.25981825,425.55,19,0,0,1,0,266.7724,1322,"Vasopressin","C46H65N13O12S2",1055.431706,"Endogenous","Organic acids and derivatives","Carboxylic acids and derivatives","quantified","InChI=1S/C46H65N13O12S2/c47-17-5-4-9-29(40(65)52-22-38(51)63)54-45(70)35-10-6-18-59(35)46(71)34-24-73-72-23-28(48)39(64)55-31(20-26-11-13-27(60)14-12-26)43(68)56-32(19-25-7-2-1-3-8-25)42(67)53-30(15-16-36(49)61)41(66)57-33(21-37(50)62)44(69)58-34/h1-3,7-8,11-14,28-35,60H,4-6,9-10,15-24,47-48H2,(H2,49,61)(H2,50,62)(H2,51,63)(H,52,65)(H,53,67)(H,54,70)(H,55,64)(H,56,68)(H,57,66)(H,58,69)/t28-,29?,30-,31-,32-,33-,34-,35-/m0/s1"
"HMDB0001986","Lacto-N-difucopentaose II",0,"C38H65NO29",999.3642251,-2,-10.61675405,5,"[H][C@@](O[C@@H]1O[C@H](CO)[C@H](O)[C@]([H])(O[C@@H]2O[C@H](CO)[C@@H](O[C@]3([H])O[C@@H](C)[C@@H](O)[C@@H](O)[C@@H]3O)[C@H](O[C@]3([H])O[C@H](CO)[C@H](O)[C@H](O)[C@H]3O)[C@H]2NC(C)=O)[C@H]1O)([C@H](O)CO)[C@]([H])(O[C@@H]1O[C@@H](C)[C@@H](O)[C@@H](O)[C@@H]1O)[C@H](O)C=O",0,11.68105359,11.34449495,-3.678621138,482.38,19,0,0,1,0,207.426,1327,"Lacto-N-difucopentaose II","C38H65NO29",999.3642251,"Endogenous","Organic oxygen compounds","Organooxygen compounds","quantified","InChI=1S/C38H65NO29/c1-9-18(48)22(52)25(55)35(59-9)64-29(12(46)4-40)30(13(47)5-41)65-38-28(58)33(21(51)15(7-43)62-38)68-34-17(39-11(3)45)32(67-37-27(57)24(54)20(50)14(6-42)61-37)31(16(8-44)63-34)66-36-26(56)23(53)19(49)10(2)60-36/h4,9-10,12-38,41-44,46-58H,5-8H2,1-3H3,(H,39,45)/t9-,10-,12+,13+,14+,15+,16+,17+,18+,19+,20-,21-,22+,23+,24-,25-,26-,27+,28+,29+,30+,31+,32+,33-,34-,35-,36-,37-,38-/m0/s1"
"HMDB0002158","Coproporphyrinogen I",0,"C36H44N4O8",660.3159144,1.97,4.891239219,5,"CC1=C2CC3=C(CCC(O)=O)C(C)=C(CC4=C(CCC(O)=O)C(C)=C(CC5=C(CCC(O)=O)C(C)=C(CC(N2)=C1CCC(O)=O)N5)N4)N3",-4,4.272106085,3.845633609,NA,212.36,12,0,0,1,0,181.8608,1447,"Coproporphyrinogen I","C36H44N4O8",660.3159144,"Endogenous","Organoheterocyclic compounds","Tetrapyrroles and derivatives","quantified","InChI=1S/C36H44N4O8/c1-17-21(5-9-33(41)42)29-14-26-19(3)23(7-11-35(45)46)31(39-26)16-28-20(4)24(8-12-36(47)48)32(40-28)15-27-18(2)22(6-10-34(43)44)30(38-27)13-25(17)37-29/h37-40H,5-16H2,1-4H3,(H,41,42)(H,43,44)(H,45,46)(H,47,48)"
"HMDB0002172","N1,N12-Diacetylspermine",0,"C14H30N4O2",286.2368762,-0.18,-1.81631441,0,"CC(=O)NCCCNCCCCNCCCNC(C)=O",2,16.59620413,15.99414136,10.78235331,82.26,13,1,0,0,0,81.4458,1457,"N1,N12-Diacetylspermine","C14H30N4O2",286.2368762,"Endogenous","Organic acids and derivatives","Carboximidic acids and derivatives","quantified","InChI=1S/C14H30N4O2/c1-13(19)17-11-5-9-15-7-3-4-8-16-10-6-12-18-14(2)20/h15-16H,3-12H2,1-2H3,(H,17,19)(H,18,20)"
"HMDB0002185","3-trans,5-cis-Octadienoyl-CoA",0,"C30H48N7O16P3S",887.2091087,0.47,-3.887442994,3,"CCC\C=C/C=C/C(=O)SCCNC(=O)CCNC(=O)C(O)C(C)(C)COP(=O)(O)OP(=O)(O)OC[C@H]1OC([C@H](O)[C@@H]1CP(O)(O)=O)N1C=NC2=C(N)N=CN=C12",-3,2.717432975,1.532098963,4.997417168,354.4,24,0,0,1,0,205.1046,1470,"3-trans,5-cis-Octadienoyl-CoA","C30H48N7O16P3S",887.2091087,"Endogenous","Nucleosides, nucleotides, and analogues","Purine nucleotides","quantified","InChI=1S/C30H48N7O16P3S/c1-4-5-6-7-8-9-22(39)57-13-12-32-21(38)10-11-33-28(42)25(41)30(2,3)16-51-56(48,49)53-55(46,47)50-14-20-19(15-54(43,44)45)24(40)29(52-20)37-18-36-23-26(31)34-17-35-27(23)37/h6-9,17-20,24-25,29,40-41H,4-5,10-16H2,1-3H3,(H,32,38)(H,33,42)(H,46,47)(H,48,49)(H2,31,34,35)(H2,43,44,45)/b7-6-,9-8+/t19-,20-,24-,25?,29?/m1/s1"
"HMDB0002666","Thiamine monophosphate",0,"C12H17N4O4PS",344.0708123,-1.68,-5.696316403,2,"CC1=C(CCO[P@](O)([O-])=O)SC=[N+]1CC1=CN=C(C)N=C1N",-1,1.658998841,1.658998841,5.50755252,125.27,6,1,0,0,0,83.1509,1674,"Thiamine monophosphate","C12H17N4O4PS",344.0708123,"Endogenous","Organoheterocyclic compounds","Diazines","quantified","InChI=1S/C12H17N4O4PS/c1-8-11(3-4-20-21(17,18)19)22-7-16(8)6-10-5-14-9(2)15-12(10)13/h5,7H,3-4,6H2,1-2H3,(H3-,13,14,15,17,18,19)"
"HMDB0002865","Oxytocin",0,"C43H66N12O12S2",1006.436457,-0.69,-4.997378735,3,"CC[C@H](C)[C@@H]1NC(=O)[C@H](CC2=CC=C(O)C=C2)NC(=O)[C@@H](N)CSSC[C@H](NC(=O)[C@H](CC(N)=O)NC(=O)[C@H](CCC(N)=O)NC1=O)C(=O)N1CCCC1C(=O)N[C@@H](CC(C)C)C(=O)NCC(N)=O",1,11.3880175,9.503690934,7.653655537,399.53,17,0,0,1,0,252.1114,1714,"Oxytocin","C43H66N12O12S2",1006.436457,"Endogenous","Organic acids and derivatives","Carboxylic acids and derivatives","quantified","InChI=1S/C43H66N12O12S2/c1-5-22(4)35-42(66)49-26(12-13-32(45)57)38(62)51-29(17-33(46)58)39(63)53-30(20-69-68-19-25(44)36(60)50-28(40(64)54-35)16-23-8-10-24(56)11-9-23)43(67)55-14-6-7-31(55)41(65)52-27(15-21(2)3)37(61)48-18-34(47)59/h8-11,21-22,25-31,35,56H,5-7,12-20,44H2,1-4H3,(H2,45,57)(H2,46,58)(H2,47,59)(H,48,61)(H,49,66)(H,50,60)(H,51,62)(H,52,65)(H,53,63)(H,54,64)/t22-,25-,26-,27-,28-,29-,30-,31?,35-/m0/s1"
"HMDB0003337","Oxidized glutathione",0,"C20H32N6O12S2",612.1519619,-3.6,-10.10905413,0,"NC(CCC(=O)NC(CSSCC(NC(=O)CCC(N)C(O)=O)C(=O)NCC(O)=O)C(=O)NCC(O)=O)C(O)=O",-2,2.027919245,1.438367915,9.613061091,317.64,21,0,0,0,0,136.6544,1837,"Oxidized glutathione","C20H32N6O12S2",612.1519619,"Endogenous","Organic acids and derivatives","Carboxylic acids and derivatives","quantified","InChI=1S/C20H32N6O12S2/c21-9(19(35)36)1-3-13(27)25-11(17(33)23-5-15(29)30)7-39-40-8-12(18(34)24-6-16(31)32)26-14(28)4-2-10(22)20(37)38/h9-12H,1-8,21-22H2,(H,23,33)(H,24,34)(H,25,27)(H,26,28)(H,29,30)(H,31,32)(H,35,36)(H,37,38)"
"HMDB0003584","Taurocyamine",0,"C3H9N3O3S",167.0364619,-2.31,-2.38473017,0,"NC(N)=NCCS(O)(=O)=O",0,NA,-1.218780464,11.76634078,118.77,3,1,0,0,0,35.0269,1923,"Taurocyamine","C3H9N3O3S",167.0364619,"Endogenous","Organic acids and derivatives","Organic sulfonic acids and derivatives","quantified","InChI=1S/C3H9N3O3S/c4-3(5)6-1-2-10(7,8)9/h1-2H2,(H4,4,5,6)(H,7,8,9)"
"HMDB0004068","Melanin",0,"C18H10N2O4",318.0640568,1.76,-0.267897437,5,"CC1=C2NC=C3C2=C(C2=CNC4=C(C)C(=O)C(=O)C3=C24)C(=O)C1=O",0,13.44129941,12.64538606,1.335042552,92.34,0,1,1,0,0,88.2778,2033,"Melanin","C18H10N2O4",318.0640568,"Endogenous","Benzenoids","Anthracenes","quantified","InChI=1S/C18H10N2O4/c1-5-13-9-7(3-19-13)12-10-8(11(9)17(23)15(5)21)4-20-14(10)6(2)16(22)18(12)24/h3-4,19-20H,1-2H3"
"HMDB0004158","D-Urobilinogen",0,"C33H42N4O6",590.3104351,2.77,3.464804713,4,"CCC1=C(C)C(=O)NC1CC1=C(C)C(CCC(O)=O)=C(CC2=C(CCC(O)=O)C(C)=C(CC3NC(=O)C(C=C)=C3C)N2)N1",-2,4.664263256,4.063677655,2.065379573,164.38,14,0,0,1,0,166.0859,2066,"D-Urobilinogen","C33H42N4O6",590.3104351,"Endogenous","Organoheterocyclic compounds","Tetrapyrroles and derivatives","quantified","InChI=1S/C33H42N4O6/c1-7-20-19(6)32(42)37-27(20)14-25-18(5)23(10-12-31(40)41)29(35-25)15-28-22(9-11-30(38)39)17(4)24(34-28)13-26-16(3)21(8-2)33(43)36-26/h8,26-27,34-35H,2,7,9-15H2,1,3-6H3,(H,36,43)(H,37,42)(H,38,39)(H,40,41)"
"HMDB0004159","L-Urobilin",0,"C33H46N4O6",594.3417352,2.97,1.383088288,4,"CCC1C(CC2=N\C(=C\C3=C(CCC(O)=O)C(C)=C(CC4NC(=O)C(CC)C4C)N3)C(CCC(O)=O)=C2C)NC(=O)C1C",-2,4.462015962,3.865640191,6.073646164,160.95,13,0,0,1,0,165.1952,2067,"L-Urobilin","C33H46N4O6",594.3417352,"Endogenous","Organoheterocyclic compounds","Tetrapyrroles and derivatives","quantified","InChI=1S/C33H46N4O6/c1-7-20-19(6)32(42)37-27(20)14-25-18(5)23(10-12-31(40)41)29(35-25)15-28-22(9-11-30(38)39)17(4)24(34-28)13-26-16(3)21(8-2)33(43)36-26/h15-16,19-21,26-27,34H,7-14H2,1-6H3,(H,36,43)(H,37,42)(H,38,39)(H,40,41)/b29-15+"
"HMDB0004161","D-Urobilin",0,"C33H40N4O6",588.294785,2.88,0.937925644,4,"CCC1=C(C)C(=O)NC1CC1=C(C)C(CCC(O)=O)=C(N1)\C=C1/N=C(CC2NC(=O)C(C=C)=C2C)C(C)=C1CCC(O)=O",-2,4.475449266,3.884201688,5.964724515,160.95,13,0,0,1,0,166.3039,2069,"D-Urobilin","C33H40N4O6",588.294785,"Endogenous","Organoheterocyclic compounds","Tetrapyrroles and derivatives","quantified","InChI=1S/C33H40N4O6/c1-7-20-19(6)32(42)37-27(20)14-25-18(5)23(10-12-31(40)41)29(35-25)15-28-22(9-11-30(38)39)17(4)24(34-28)13-26-16(3)21(8-2)33(43)36-26/h8,15,26-27,35H,2,7,9-14H2,1,3-6H3,(H,36,43)(H,37,42)(H,38,39)(H,40,41)/b28-15-"
"HMDB0004246","Bradykinin",0,"C50H73N15O11",1059.561398,-2.14,-6.443751172,5,"N[C@@H](CCCNC(N)=N)C(=O)N1CCC[C@H]1C(=O)N1CCC[C@H]1C(=O)NCC(=O)N[C@@H](CC1=CC=CC=C1)C(=O)N[C@@H](CO)C(=O)N1CCC[C@H]1C(=O)N[C@@H](CC1=CC=CC=C1)C(=O)N[C@@H](CCCNC(N)=N)C(O)=O",2,11.49637301,3.394251813,12.44318573,413.78,27,0,0,1,0,295.0832,2095,"Bradykinin","C50H73N15O11",1059.561398,"Endogenous","Organic acids and derivatives","Carboxylic acids and derivatives","quantified","InChI=1S/C50H73N15O11/c51-32(16-7-21-56-49(52)53)45(72)65-25-11-20-39(65)47(74)64-24-9-18-37(64)43(70)58-28-40(67)59-34(26-30-12-3-1-4-13-30)41(68)62-36(29-66)46(73)63-23-10-19-38(63)44(71)61-35(27-31-14-5-2-6-15-31)42(69)60-33(48(75)76)17-8-22-57-50(54)55/h1-6,12-15,32-39,66H,7-11,16-29,51H2,(H,58,70)(H,59,67)(H,60,69)(H,61,71)(H,62,68)(H,75,76)(H4,52,53,56)(H4,54,55,57)/t32-,33-,34-,35-,36-,37-,38-,39-/m0/s1"
"HMDB0004913","Ganglioside GD3 (d18:1/16:0)",0,"C68H121N3O29",1443.808575,1.75,2.519215959,4,"CCCCCCCCCCCCCCCC(=O)N[C@@H](CO[C@@H]1O[C@H](CO)[C@@H](O[C@@H]2O[C@H](CO)[C@H](O)[C@H](O[C@@]3(C[C@H](O)[C@@H](NC(C)=O)C(O3)[C@H](O)[C@@H](CO)O[C@@]3(C[C@H](O)[C@@H](NC(C)=O)C(O3)[C@H](O)[C@H](O)CO)C(O)=O)C(O)=O)[C@H]2O)[C@H](O)C1O)[C@H](O)\C=C\CCCCCCCCCCCCC",-2,3.122321844,2.454421084,-3.655803401,518.96,50,0,0,1,0,351.1449,2267,"Ganglioside GD3 (d18:1/16:0)","C68H121N3O29",1443.808575,"Endogenous","Lipids and lipid-like molecules","Sphingolipids","quantified","InChI=1S/C68H121N3O29/c1-5-7-9-11-13-15-17-19-21-23-25-27-29-31-43(78)42(71-50(82)32-30-28-26-24-22-20-18-16-14-12-10-8-6-2)39-93-63-57(87)56(86)59(49(38-75)95-63)96-64-58(88)62(54(84)47(36-73)94-64)100-68(66(91)92)34-45(80)52(70-41(4)77)61(99-68)55(85)48(37-74)97-67(65(89)90)33-44(79)51(69-40(3)76)60(98-67)53(83)46(81)35-72/h29,31,42-49,51-64,72-75,78-81,83-88H,5-28,30,32-39H2,1-4H3,(H,69,76)(H,70,77)(H,71,82)(H,89,90)(H,91,92)/b31-29+/t42-,43+,44-,45-,46+,47+,48+,49+,51+,52+,53+,54-,55+,56+,57?,58+,59+,60?,61?,62-,63+,64-,67+,68-/m0/s1"
"HMDB0005176","Dolichol-20",0,"C100H164O",1381.27822,9.62,32.62691227,0,"CC(CCO)CC\C=C(/C)CC\C=C(/C)CC\C=C(/C)CC\C=C(/C)CC\C=C(\C)CC\C=C(/C)CC\C=C(/C)CC\C=C(/C)CC\C=C(/C)CC\C=C(/C)CC\C=C(/C)CC\C=C(/C)CC\C=C(/C)CC\C=C(\C)CC\C=C(/C)CC\C=C(/C)CC\C=C(/C)CC\C=C(/C)CCC=C(C)C",0,NA,17.10979182,-1.87597706,20.23,59,0,0,0,0,478.9329,2400,"Dolichol-20","C100H164O",1381.27822,"Endogenous","Lipids and lipid-like molecules","Prenol lipids","quantified","InChI=1S/C100H164O/c1-81(2)41-22-42-82(3)43-23-44-83(4)45-24-46-84(5)47-25-48-85(6)49-26-50-86(7)51-27-52-87(8)53-28-54-88(9)55-29-56-89(10)57-30-58-90(11)59-31-60-91(12)61-32-62-92(13)63-33-64-93(14)65-34-66-94(15)67-35-68-95(16)69-36-70-96(17)71-37-72-97(18)73-38-74-98(19)75-39-76-99(20)77-40-78-100(21)79-80-101/h41,43,45,47,49,51,53,55,57,59,61,63,65,67,69,71,73,75,77,100-101H,22-40,42,44,46,48,50,52,54,56,58,60,62,64,66,68,70,72,74,76,78-80H2,1-21H3/b82-43+,83-45+,84-47+,85-49+,86-51-,87-53+,88-55+,89-57+,90-59+,91-61+,92-63+,93-65+,94-67+,95-69-,96-71+,97-73+,98-75+,99-77+"
"HMDB0005770","Tuftsin",0,"C21H40N8O6",500.3070811,-3.31,-5.348810549,1,"C[C@@H](O)[C@H](N)C(=O)NC(CCCCN)C(=O)N1CCC[C@H]1C(=O)N[C@@H](CCCNC(N)=N)C(O)=O",2,12.56689569,3.436236153,11.89900478,249.98,15,0,0,0,0,136.7791,2532,"Tuftsin","C21H40N8O6",500.3070811,"Endogenous","Organic acids and derivatives","Carboxylic acids and derivatives","quantified","InChI=1S/C21H40N8O6/c1-12(30)16(23)18(32)27-13(6-2-3-9-22)19(33)29-11-5-8-15(29)17(31)28-14(20(34)35)7-4-10-26-21(24)25/h12-16,30H,2-11,22-23H2,1H3,(H,27,32)(H,28,31)(H,34,35)(H4,24,25,26)/t12-,13?,14+,15+,16+/m1/s1"
"HMDB0006117","APGPR Enterostatin",0,"C21H36N8O6",496.2757809,-3.04,-5.386063038,2,"C[C@H](N)C(=O)N1CCC[C@H]1C(=O)NCC(=O)N1CCC[C@H]1C(=O)N[C@@H](CCCN=C(N)N)C(O)=O",1,12.54911459,3.486093449,11.24588352,226.54,11,0,0,0,0,123.7042,2641,"APGPR Enterostatin","C21H36N8O6",496.2757809,"Endogenous","Organic acids and derivatives","Carboxylic acids and derivatives","quantified","InChI=1S/C21H36N8O6/c1-12(22)19(33)29-10-4-6-14(29)17(31)26-11-16(30)28-9-3-7-15(28)18(32)27-13(20(34)35)5-2-8-25-21(23)24/h12-15H,2-11,22H2,1H3,(H,26,31)(H,27,32)(H,34,35)(H4,23,24,25)/t12-,13-,14-,15-/m0/s1"
"HMDB0006559","Heptaglutamyl folic acid",0,"C54H68N14O27",1344.437833,-2.86,-5.856326618,3,"N[C@@H](CCC(O)=O)C(=O)OC(=O)C(N(C(=O)[C@@H](N)CCC(O)=O)C(=O)C1=CC=C(NCC2=NC3=C(N=C2)N=C(N)NC3=O)C=C1)(C(=O)[C@@H](N)CCC(O)=O)C(C(=O)[C@@H](N)CCC(O)=O)(C(=O)[C@@H](N)CCC(O)=O)C(C(O)=O)(C(=O)[C@@H](N)CCC(O)=O)C(=O)[C@@H](N)CCC(O)=O",-4,2.611920552,2.244440396,NA,751.93,44,0,0,1,0,309.7258,2796,"Heptaglutamyl folic acid","C54H68N14O27",1344.437833,"Endogenous","Organic acids and derivatives","Carboxylic acids and derivatives","quantified","InChI=1S/C54H68N14O27/c55-24(5-12-31(69)70)39(83)52(49(92)93,40(84)25(56)6-13-32(71)72)53(41(85)26(57)7-14-33(73)74,42(86)27(58)8-15-34(75)76)54(43(87)28(59)9-16-35(77)78,50(94)95-48(91)30(61)11-18-37(81)82)68(47(90)29(60)10-17-36(79)80)46(89)21-1-3-22(4-2-21)63-19-23-20-64-44-38(65-23)45(88)67-51(62)66-44/h1-4,20,24-30,63H,5-19,55-61H2,(H,69,70)(H,71,72)(H,73,74)(H,75,76)(H,77,78)(H,79,80)(H,81,82)(H,92,93)(H3,62,64,66,67,88)/t24-,25-,26-,27-,28-,29-,30-,54?/m0/s1"
"HMDB0006612","Monofucosyllacto-N-hexaose",0,"C46H78N2O35",1218.438512,-2.07,-13.31388146,6,"C[C@@H]1O[C@@H](O[C@@H]2[C@@H](NC(C)=O)[C@@H](C[C@H](CO)[C@H]2O[C@@H]2O[C@H](CO)[C@H](O)[C@H](O)[C@H]2O)OO[C@H]2O[C@@H](O[C@H]([C@H](O)CO)[C@H](O)[C@@H](O)C=O)[C@H](O)[C@@H](O[C@@H]3O[C@H](CO)[C@@H](O)C(O[C@@H]4O[C@H](CO)[C@H](O)[C@H](O)[C@H]4O)[C@H]3NC(C)=O)[C@H]2O)[C@@H](O)[C@H](O)[C@@H]1O",0,11.64471704,11.30365263,-3.889438268,590.63,24,0,0,1,0,252.3711,2836,"Monofucosyllacto-N-hexaose","C46H78N2O35",1218.438512,"Endogenous","Organic oxygen compounds","Organooxygen compounds","quantified","InChI=1S/C46H78N2O35/c1-11-23(59)28(64)31(67)42(72-11)79-39-21(47-12(2)55)17(4-14(5-49)36(39)76-43-32(68)29(65)25(61)18(8-52)74-43)82-83-46-35(71)40(34(70)45(81-46)77-37(16(58)7-51)24(60)15(57)6-50)80-41-22(48-13(3)56)38(27(63)20(10-54)73-41)78-44-33(69)30(66)26(62)19(9-53)75-44/h6,11,14-46,49,51-54,57-71H,4-5,7-10H2,1-3H3,(H,47,55)(H,48,56)/t11-,14+,15-,16+,17+,18+,19+,20+,21-,22+,23+,24+,25-,26-,27+,28+,29-,30-,31-,32+,33+,34+,35+,36+,37+,38?,39+,40+,41-,42-,43-,44-,45+,46+/m0/s1"
"HMDB0006622","Difucosyllacto-N-hexaose a",0,"C52H88N2O39",1364.496421,-1.84,-13.95246957,7,"C[C@@H]1O[C@H](O[C@@H]2[C@@H](O)[C@@H](O)[C@@H](CO)O[C@H]2OC2[C@H](O)[C@@H](CO)O[C@@H](O[C@@H]3[C@@H](C)[C@H](OC([C@H](O)CO)[C@H](O)[C@@H](O)C=O)O[C@H](CO[C@@H]4O[C@H](CO)[C@@H](O[C@H]5O[C@H](CO)[C@H](O)[C@H](O)[C@H]5O)[C@H](O[C@@H]5O[C@@H](O)[C@@H](O)[C@@H](O)[C@@H]5O)[C@H]4NC(C)=O)[C@@H]3O)[C@@H]2NC(C)=O)[C@@H](O)[C@H](O)[C@@H]1O",0,11.49612809,11.00783366,-3.94762601,649.55,26,0,0,1,0,283.0775,2843,"Difucosyllacto-N-hexaose a","C52H88N2O39",1364.496421,"Endogenous","Organic oxygen compounds","Organooxygen compounds","quantified","InChI=1S/C52H88N2O39/c1-12-39(87-48-23(53-14(3)61)42(29(69)20(9-59)82-48)90-52-44(34(74)28(68)19(8-58)84-52)92-49-36(76)31(71)25(65)13(2)81-49)30(70)22(86-46(12)88-40(17(64)6-56)26(66)16(63)5-55)11-80-47-24(54-15(4)62)43(91-51-38(78)33(73)35(75)45(79)93-51)41(21(10-60)85-47)89-50-37(77)32(72)27(67)18(7-57)83-50/h5,12-13,16-52,56-60,63-79H,6-11H2,1-4H3,(H,53,61)(H,54,62)/t12-,13+,16+,17-,18-,19-,20-,21-,22-,23-,24-,25-,26-,27+,28+,29-,30+,31-,32+,33-,34+,35+,36+,37-,38+,39-,40?,41-,42?,43-,44-,45-,46+,47-,48+,49-,50-,51-,52+/m1/s1"
"HMDB0006707","Coenzyme Q9",0,"C54H82O4",794.6213111,9.73,15.49641402,1,"COC1=C(OC)C(=O)C(C\C=C(/C)CC\C=C(/C)CC\C=C(/C)CC\C=C(/C)CC\C=C(/C)CC\C=C(/C)CC\C=C(/C)CC\C=C(/C)CCC=C(C)C)=C(C)C1=O",0,NA,NA,-4.718903582,52.6,28,0,0,0,0,262.8026,2868,"Coenzyme Q9","C54H82O4",794.6213111,"Endogenous","Lipids and lipid-like molecules","Prenol lipids","quantified","InChI=1S/C54H82O4/c1-40(2)22-14-23-41(3)24-15-25-42(4)26-16-27-43(5)28-17-29-44(6)30-18-31-45(7)32-19-33-46(8)34-20-35-47(9)36-21-37-48(10)38-39-50-49(11)51(55)53(57-12)54(58-13)52(50)56/h22,24,26,28,30,32,34,36,38H,14-21,23,25,27,29,31,33,35,37,39H2,1-13H3/b41-24+,42-26+,43-28+,44-30+,45-32+,46-34+,47-36+,48-38+"
"HMDB0006730","QYNAD",0,"C25H35N7O11",609.239455,-2.58,-6.981508773,1,"C[C@H](NC(=O)[C@H](CC(N)=O)NC(=O)[C@H](CC1=CC=C(O)C=C1)NC(=O)[C@@H](N)CCC(N)=O)C(=O)N[C@@H](CC(O)=O)C(O)=O",-1,4.912430271,3.218053388,7.913738765,323.43,18,0,0,0,0,142.7924,2880,"QYNAD","C25H35N7O11",609.239455,"Endogenous","Organic acids and derivatives","Carboxylic acids and derivatives","quantified","InChI=1S/C25H35N7O11/c1-11(21(38)32-17(25(42)43)10-20(36)37)29-23(40)16(9-19(28)35)31-24(41)15(8-12-2-4-13(33)5-3-12)30-22(39)14(26)6-7-18(27)34/h2-5,11,14-17,33H,6-10,26H2,1H3,(H2,27,34)(H2,28,35)(H,29,40)(H,30,39)(H,31,41)(H,32,38)(H,36,37)(H,42,43)/t11-,14-,15-,16-,17-/m0/s1"
"HMDB0011720","UDP-N-acetylmuraminate",0,"C20H31N3O19P2",679.1026988,-1.3,-4.594769218,3,"CC(OC1C(O)C(CO)OC(OP(O)(=O)OP(O)(=O)OCC2OC(C(O)C2O)N2C=CC(=O)NC2=O)C1NC(C)=O)C(O)=O",-3,3.043220387,1.731484169,-3.639119864,326.71,13,0,0,1,0,132.8868,7279,"UDP-N-acetylmuraminate","C20H31N3O19P2",679.1026988,"Endogenous","Nucleosides, nucleotides, and analogues","Pyrimidine nucleotides","quantified","InChI=1S/C20H31N3O19P2/c1-7(18(30)31)38-16-12(21-8(2)25)19(40-9(5-24)14(16)28)41-44(35,36)42-43(33,34)37-6-10-13(27)15(29)17(39-10)23-4-3-11(26)22-20(23)32/h3-4,7,9-10,12-17,19,24,27-29H,5-6H2,1-2H3,(H,21,25)(H,30,31)(H,33,34)(H,35,36)(H,22,26,32)"
"HMDB0012895","Arginine vasopressin 1-8",0,"C44H61N13O12S2",1027.400406,-1.72,-7.213579248,4,"NC1CSSC[C@H](NC(=O)C(CC(O)=N)NC(=O)[C@@H](CCC(O)=N)NC(=O)[C@@H](CC2=CC=CC=C2)NC(=O)[C@@H](CC2=CC=C(O)C=C2)NC1=O)C(=O)N1CCC[C@@H]1C(=O)N[C@H](CCCNC(N)=N)C(O)=O",1,5.06382259,3.405323361,12.0372769,428.52,17,0,0,1,0,290.1335,8092,"Arginine vasopressin 1-8","C44H61N13O12S2",1027.400406,"Endogenous","Organic acids and derivatives","Carboxylic acids and derivatives","quantified","InChI=1S/C44H61N13O12S2/c45-26-21-70-71-22-32(42(67)57-17-5-9-33(57)41(66)52-28(43(68)69)8-4-16-50-44(48)49)56-40(65)31(20-35(47)60)55-37(62)27(14-15-34(46)59)51-38(63)30(18-23-6-2-1-3-7-23)54-39(64)29(53-36(26)61)19-24-10-12-25(58)13-11-24/h1-3,6-7,10-13,26-33,58H,4-5,8-9,14-22,45H2,(H2,46,59)(H2,47,60)(H,51,63)(H,52,66)(H,53,61)(H,54,64)(H,55,62)(H,56,65)(H,68,69)(H4,48,49,50)/t26?,27-,28-,29-,30-,31?,32+,33-/m1/s1"
"HMDB0013465","SM(d18:0/20:2(11Z,14Z))",0,"C43H83N2O6P",754.5988749,5.69,9.119833183,0,"CCCCCCCCCCCCC\C=C\[C@@H](O)[C@H](COP([O-])(=O)OCC[N+](C)(C)C)NC(=O)CCCCCCCCC\C=C/C\C=C/CCCCC",0,13.49920132,1.870915029,0.011796154,107.92,38,0,0,0,0,234.5791,8360,"SM(d18:0/20:2(11Z,14Z))","C43H83N2O6P",754.5988749,"Endogenous",NA,NA,"quantified","InChI=1S/C43H83N2O6P/c1-6-8-10-12-14-16-18-20-21-22-23-25-27-29-31-33-35-37-43(47)44-41(40-51-52(48,49)50-39-38-45(3,4)5)42(46)36-34-32-30-28-26-24-19-17-15-13-11-9-7-2/h14,16,20-21,34,36,41-42,46H,6-13,15,17-19,22-33,35,37-40H2,1-5H3,(H-,44,47,48,49)/b16-14-,21-20-,36-34+/t41-,42+/m0/s1"
"HMDB0029207","lysoPC(6:0)",0,"C14H30NO7P",355.1759888,-1.9,-3.252944173,0,"[H][C@@](O)(COC(=O)CCCCC)COP([O-])(=O)OCC[N+](C)(C)C",0,13.65560924,1.855340614,-3.404003371,105.12,14,1,0,0,0,96.2637,10361,"lysoPC(6:0)","C14H30NO7P",355.1759888,"Endogenous","Lipids and lipid-like molecules","Glycerophospholipids","quantified","InChI=1S/C14H30NO7P/c1-5-6-7-8-14(17)20-11-13(16)12-22-23(18,19)21-10-9-15(2,3)4/h13,16H,5-12H2,1-4H3/t13-/m1/s1"
"HMDB0036574","Carbon disulfide",0,"CS2",75.94414138,2.25,1.945582059,0,"S=C=S",0,NA,NA,NA,0,0,1,0,0,1,22.3662,17326,"Carbon disulfide","CS2",75.94414138,NA,"Homogeneous non-metal compounds","Other non-metal organides","quantified","InChI=1S/CS2/c2-1-3"
"HMDB0041623","N6-Carbamoyl-L-threonyladenosine",0,"C15H21N7O7",411.150246,-2.05,-3.524727023,3,"C[C@@H](O)[C@H](NC(N)=O)C(=O)NC1=C2N=CN([C@@H]3O[C@H](CO)[C@@H](O)[C@H]3O)C2=NC=N1",0,12.42014871,10.62549823,0.388678333,217.97,6,0,0,1,0,95.2948,22249,"N6-Carbamoyl-L-threonyladenosine","C15H21N7O7",411.150246,NA,"Nucleosides, nucleotides, and analogues","Purine nucleosides","quantified","InChI=1S/C15H21N7O7/c1-5(24)7(20-15(16)28)13(27)21-11-8-12(18-3-17-11)22(4-19-8)14-10(26)9(25)6(2-23)29-14/h3-7,9-10,14,23-26H,2H2,1H3,(H3,16,20,28)(H,17,18,21,27)/t5-,6-,7+,9-,10-,14-/m1/s1"
"HMDB0061196","Angiotensin I",0,"C62H89N17O14",1295.677,-0.46,-5.949929,5,"CC[C@H](C)[C@H](NC(=O)[C@H](CC1=CC=C(O)C=C1)NC(=O)[C@@H](NC(=O)[C@H](CCCN=C(N)N)NC(=O)[C@@H](N)CC(O)=O)C(C)C)C(=O)N[C@@H](CC1=CN=CN1)C(=O)N1CCC[C@H]1C(=O)N[C@@H](CC1=CC=CC=C1)C(=O)N[C@@H](CC1=CN=CN1)C(=O)N[C@@H](CC(C)C)C(O)=O",1,3.689703,3.087645,10.82879,495.72,37,0,0,1,0,335.6395,41310,"Angiotensin I","C62H89N17O14",1295.677491,NA,"Organic Polymers","Polypeptides","quantified","InChI=1S/C62H89N17O14/c1-7-35(6)51(78-56(87)44(25-37-17-19-40(80)20-18-37)74-58(89)50(34(4)5)77-53(84)42(15-11-21-68-62(64)65)71-52(83)41(63)28-49(81)82)59(90)75-46(27-39-30-67-32-70-39)60(91)79-22-12-16-48(79)57(88)73-43(24-36-13-9-8-10-14-36)54(85)72-45(26-38-29-66-31-69-38)55(86)76-47(61(92)93)23-33(2)3/h8-10,13-14,17-20,29-35,41-48,50-51,80H,7,11-12,15-16,21-28,63H2,1-6H3,(H,66,69)(H,67,70)(H,71,83)(H,72,85)(H,73,88)(H,74,89)(H,75,90)(H,76,86)(H,77,84)(H,78,87)(H,81,82)(H,92,93)(H4,64,65,68)/t35-,41-,42-,43-,44-,45-,46-,47-,48-,50-,51-/m0/s1"
"HMDB0061736","Diethyldithiophosphate",0,"C4H11O2PS2",185.9938,2.59,2.084884,0,"CCOP(S)(=S)OCC",-1,NA,1.3514,NA,18.46,4,1,1,0,1,45.0958,41656,"Diethyldithiophosphate","C4H11O2PS2",185.9938075,NA,"Organic acids and derivatives","Organic dithiophosphoric acids and derivatives","quantified","InChI=1S/C4H11O2PS2/c1-3-5-7(8,9)6-4-2/h3-4H2,1-2H3,(H,8,9)"
"HMDB0061737","Dimethyldithiophosphate",0,"C2H7O2PS2",157.9625,1.75,1.371268,0,"COP(S)(=S)OC",-1,NA,1.353823,NA,18.46,2,1,0,0,1,35.5986,41657,"Dimethyldithiophosphate","C2H7O2PS2",157.9625074,NA,"Organic acids and derivatives","Organic dithiophosphoric acids and derivatives","quantified","InChI=1S/C2H7O2PS2/c1-3-5(6,7)4-2/h1-2H3,(H,6,7)"
